1|1|4.0|964982703
1|260|5.0|964981680
1|1196|5.0|964981827
1|1210|5.0|964980499
1|2116|5.0|964982876
1|2628|4.0|964980523
7|1|4.5|1106635946
7|260|5.0|1106635933
7|1196|4.0|1106635996
7|1210|4.0|1106635965
7|2628|1.5|1106712553
7|3114|4.5|1106635500
7|4993|4.5|1106636589
7|5378|1.0|1106635735
7|5952|4.5|1106636527
7|7153|4.0|1106636520
7|33493|1.0|1121041079
10|4993|4.0|1455356385
10|5952|4.0|1455356588
10|7153|4.0|1455356347
10|72998|2.5|1455356351
15|1|2.5|1510577970
15|260|5.0|1510571946
15|1196|5.0|1510572645
15|1210|5.0|1510572653
15|4993|3.5|1510571754
15|5952|3.5|1510571759
15|33493|5.0|1510572900
15|72998|3.0|1510572052
15|122886|5.0|1510572679
15|166528|5.0|1510572789
16|260|3.0|1377476936
16|1196|3.0|1377476993
16|4993|3.5|1377477289
16|5952|3.5|1377477424
16|7153|3.5|1377477293
16|78499|4.5|1377477830
17|1|4.5|1305696483
17|260|5.0|1305696468
17|1196|5.0|1305696635
17|1210|5.0|1305696490
17|4993|4.5|1305696817
17|5952|5.0|1305696823
17|7153|4.5|1305696820
17|78499|4.0|1305696624
18|1|3.5|1455209816
18|260|4.0|1455049368
18|1196|4.0|1455209805
18|1210|4.5|1455209798
18|4993|4.5|1455209675
18|5952|3.5|1455209677
18|7153|4.5|1455049801
18|72998|4.0|1455749238
18|78499|4.0|1456744760
18|122886|4.0|1466366745
19|1|4.0|965705637
19|260|4.0|965704248
19|1196|4.0|965703555
19|1210|3.0|965709445
19|2628|3.0|965703756
19|3114|2.0|965705725
20|2116|2.5|1054038315
20|3114|5.0|1054038084
20|4993|5.0|1054037162
20|5378|4.0|1054147227
20|5952|5.0|1054037144
21|1|3.5|1407618878
21|260|4.5|1417378080
21|1196|4.5|1403460820
21|1210|4.5|1417378078
21|2628|4.0|1418063222
21|3114|3.5|1419795374
21|4993|1.5|1419025153
21|5378|4.0|1403459855
21|5952|2.0|1419025155
21|7153|1.5|1419025150
21|33493|4.5|1417378092
21|72998|4.0|1418847046
21|78499|4.0|1412968153
21|122886|4.0|1452051525
25|260|5.0|1535470429
25|4993|5.0|1535470421
25|5952|5.0|1535470419
25|7153|5.0|1535470418
27|1|3.0|962685262
27|260|4.0|962686637
27|1196|4.0|962686386
27|1210|4.0|962684909
27|2628|5.0|965151428
27|3114|4.0|962685262
28|260|4.0|1234338579
28|1196|4.0|1234338139
28|1210|4.0|1234515113
28|2628|4.0|1234516355
28|4993|3.0|1234338192
28|5378|4.0|1234516357
28|5952|3.5|1234338346
28|7153|3.5|1234338343
28|33493|4.0|1234515711
28|72998|5.0|1277001853
30|260|5.0|1500370339
30|1196|5.0|1500370341
30|1210|5.0|1500370347
30|4993|5.0|1500370423
30|5952|5.0|1500370399
30|7153|5.0|1500370349
42|260|5.0|996261559
42|1196|3.0|996215831
42|1210|5.0|996258118
42|2628|3.0|996220790
45|1|4.0|951170182
45|260|5.0|950726388
45|1196|5.0|950726388
45|1210|5.0|950726673
45|2628|4.0|950740549
45|3114|5.0|950727914
45|4993|5.0|1034343730
45|5378|5.0|1023301451
45|33493|5.0|1121724157
50|1|3.0|1514238116
50|3114|3.0|1514238183
50|72998|2.0|1514891142
50|78499|2.0|1514238650
52|260|4.0|1468051102
52|1196|4.0|1468051103
52|1210|5.0|1468051109
52|7153|5.0|1468051114
52|72998|4.5|1468051610
52|122886|5.0|1468051179
57|1|5.0|965796031
57|260|5.0|965798203
57|1196|4.0|965798130
57|1210|4.0|965798130
57|2628|3.0|965798332
57|3114|4.0|965796004
62|260|4.5|1521488893
62|1196|4.5|1521488711
62|1210|4.5|1521488714
62|2628|4.5|1521822355
62|3114|3.0|1525636897
62|4993|5.0|1521488587
62|5378|4.5|1521490261
62|5952|5.0|1521488589
62|7153|5.0|1521488588
62|33493|4.5|1521490052
62|72998|4.0|1521488927
62|122886|4.0|1521488723
62|166528|4.5|1521489964
62|179819|3.5|1523048605
63|1|5.0|1443199669
63|260|5.0|1443199688
63|1196|5.0|1443199754
63|1210|4.5|1443199768
63|4993|4.0|1443199786
63|5378|2.5|1443200590
63|5952|3.5|1443200469
63|7153|4.0|1443199780
63|78499|4.0|1443200970
64|1|4.0|1161520134
64|260|3.5|1161520007
64|1196|3.5|1161520897
64|1210|3.5|1161520048
64|3114|4.0|1161520511
64|4993|4.5|1161519956
64|5952|4.5|1161519958
64|7153|4.5|1161519718
66|1|4.0|1104643957
66|260|2.5|1093747550
66|1196|4.0|1093747539
66|1210|3.0|1093747693
66|2628|3.0|1113190079
66|4993|5.0|1093747405
66|5952|5.0|1093747320
66|7153|5.0|1093747306
68|1|2.5|1158531426
68|260|5.0|1158531191
68|1196|5.0|1158531361
68|1210|5.0|1158531261
68|2628|3.0|1158531291
68|3114|3.0|1271544523
68|4993|4.5|1158531063
68|5378|3.0|1158531696
68|5952|4.0|1158531245
68|7153|4.5|1158531337
68|33493|3.0|1158531156
68|72998|5.0|1261622471
68|78499|3.5|1305861268
68|122886|4.5|1526947547
68|166528|4.5|1526947652
69|260|5.0|1021643144
69|1196|5.0|1021643068
69|1210|5.0|1021642769
69|2628|4.0|1021645687
73|1|4.5|1464196374
73|260|2.0|1464196535
73|72998|3.5|1464197071
73|78499|5.0|1464196177
75|260|5.0|1158989756
75|1196|4.5|1158990239
75|2628|1.0|1158967457
75|4993|5.0|1158967649
75|5952|4.0|1158982929
75|7153|4.0|1158967110
75|33493|1.0|1158967510
76|1|1.0|1439165548
76|260|4.0|1439165601
76|1196|4.0|1439168691
76|2628|2.0|1439168151
76|5952|3.0|1439168386
76|7153|3.0|1439168389
76|33493|4.5|1439165731
77|260|5.0|1535107459
77|1196|5.0|1535107474
77|1210|5.0|1535107480
77|4993|5.0|1535107512
77|5378|5.0|1535107567
77|5952|5.0|1535107482
77|7153|5.0|1535107481
82|1|2.5|1084467729
82|260|3.5|1084463958
82|1196|4.0|1084464979
82|1210|4.0|1084464985
82|2628|3.5|1084467885
82|4993|4.0|1084468296
82|7153|4.0|1084465038
83|4993|4.0|1332840088
83|5952|3.5|1333843452
83|7153|4.5|1332840094
83|72998|4.5|1333170644
86|1|4.0|1344082549
86|260|4.5|1344082545
86|1196|4.0|1344083118
86|1210|4.0|1344083030
86|2628|3.5|1344082805
86|4993|4.0|1344082794
86|5952|4.0|1344082673
86|7153|4.0|1344082577
91|1|4.0|1112713037
91|260|4.5|1112712846
91|1196|4.5|1112711436
91|1210|4.0|1112711157
91|2628|4.0|1112713335
91|3114|4.0|1112713040
91|4993|4.5|1112711439
91|5378|4.0|1112712379
91|5952|4.0|1112713695
91|7153|4.5|1112711441
95|260|5.0|1043340455
95|1196|5.0|1043340018
95|1210|4.5|1105400853
95|5378|4.0|1043339476
95|5952|4.5|1069614400
96|1|5.0|964772990
96|260|5.0|964772681
96|1210|5.0|964772712
96|2628|2.0|964773686
98|1|4.5|1532457849
98|3114|4.5|1532457852
98|7153|1.5|1532457777
98|179819|3.0|1532457961
103|1|4.0|1431954238
103|260|4.0|1431954922
103|1196|4.5|1431955078
103|1210|3.5|1431957028
103|2628|3.5|1431957094
103|4993|4.0|1431955231
103|5378|3.0|1431957388
103|5952|3.5|1431970503
103|7153|4.0|1431955214
103|33493|2.0|1431957697
103|72998|3.0|1431957882
103|78499|3.0|1431968941
103|122886|2.5|1477364372
104|260|3.0|1049044730
104|2628|3.0|1049044730
104|4993|3.0|1048586475
104|5952|4.0|1048586462
104|72998|3.0|1292698887
105|260|4.0|1446572093
105|4993|4.0|1446573293
105|5378|4.0|1446573660
105|5952|4.0|1446571726
105|7153|4.5|1446571717
105|33493|4.0|1446573703
105|72998|4.0|1446571761
105|78499|4.0|1446573503
106|4993|5.0|1467360286
106|5952|5.0|1467360288
106|7153|5.0|1467360283
106|72998|5.0|1467360456
112|1|3.0|1442535639
112|260|5.0|1442535777
112|1196|5.0|1442535776
112|1210|5.0|1442535785
112|4993|5.0|1442535783
112|5952|5.0|1442535787
112|7153|5.0|1442535781
112|72998|4.0|1518888239
119|1|3.5|1435942468
119|4993|5.0|1435944174
119|5952|4.5|1435944765
119|7153|5.0|1435944759
119|72998|5.0|1437859238
119|78499|3.5|1436007608
122|260|5.0|1461561351
122|1196|5.0|1461561368
122|1210|5.0|1461561411
122|3114|5.0|1461561618
122|72998|4.5|1461561389
122|122886|5.0|1461561194
123|260|4.5|1447269141
123|1196|4.0|1447291880
123|4993|3.5|1447269095
123|5952|3.5|1447269135
123|7153|3.5|1447269086
124|1|4.0|1336584336
124|260|4.0|1336423436
124|1196|4.5|1336584447
124|1210|4.5|1336584462
129|260|4.0|1167375413
129|1196|4.0|1167375417
129|1210|4.0|1167375407
129|2628|3.5|1167376125
129|4993|4.5|1167375869
129|5378|3.5|1167375484
129|5952|4.5|1167375628
129|7153|4.5|1167376071
129|33493|3.5|1167375908
131|260|2.5|1349840250
131|1196|2.5|1349840282
131|4993|3.5|1349840317
131|5952|3.5|1349840393
131|7153|3.5|1349840319
132|1|2.0|1157921785
132|260|2.0|1157920586
132|1196|2.0|1157922624
132|1210|2.0|1157921254
132|2628|2.0|1157922681
132|4993|4.5|1157920555
132|5952|3.0|1157920621
132|7153|4.0|1157919901
135|1|4.0|1009691859
135|260|4.0|1009693267
135|1196|4.0|1009693055
135|1210|4.0|1009693068
135|2628|2.0|1009691726
135|4993|5.0|1009692470
137|1|4.0|1204859907
137|260|4.0|1204859469
137|1196|4.0|1204859543
137|1210|3.0|1204859820
137|2628|3.0|1204859532
137|4993|5.0|1204859309
137|5952|4.5|1204859376
137|7153|5.0|1204859478
137|33493|3.0|1204859495
139|260|4.0|1453923975
139|4993|4.0|1453923961
139|5952|4.0|1453923969
139|7153|4.0|1453923970
139|33493|2.5|1453924246
139|72998|1.5|1453924231
139|78499|2.0|1453923985
139|122886|4.0|1453924027
140|1|3.0|942924980
140|260|4.0|942842304
140|1196|3.0|942842265
140|1210|3.5|1117729537
140|2628|4.0|942844235
140|4993|3.0|1030558904
140|5378|4.0|1038224094
140|5952|4.0|1079472379
140|7153|5.0|1075154234
140|33493|4.0|1117729179
141|1|4.0|1513130643
141|260|4.0|1513129794
141|1196|3.0|1513129840
141|1210|4.5|1513129848
141|3114|4.5|1513130145
141|4993|4.0|1513129856
141|5952|3.5|1513129812
141|7153|4.0|1513129810
141|33493|2.0|1513130398
141|72998|2.5|1513130337
141|78499|4.0|1513130484
144|1|3.5|1137323419
144|3114|3.0|1136812537
144|4993|4.5|1136812658
144|5952|4.5|1136812665
144|7153|4.5|1136812675
148|4993|3.0|1482548771
148|5952|3.0|1482548769
148|7153|3.0|1482548769
148|72998|4.0|1482548525
148|122886|3.5|1482548686
153|1|2.0|1525548642
153|1196|1.0|1525548175
153|72998|1.0|1525552980
153|179819|1.0|1525553024
155|1|3.0|961861723
155|260|4.0|961889079
155|2628|5.0|961889079
155|3114|3.0|961861610
159|1|4.5|1508640172
159|3114|4.5|1508641070
159|72998|4.0|1508640326
159|78499|5.0|1508640269
160|1|4.0|971115026
160|260|5.0|971113925
160|1196|4.0|971113406
160|1210|5.0|971113953
160|2628|2.0|971114208
160|3114|2.0|971113259
160|4993|2.0|1058457619
160|5952|1.5|1058457627
160|7153|5.0|1077748466
166|1|5.0|1189980529
166|260|4.5|1188926253
166|1196|4.5|1188924422
166|1210|5.0|1188926273
166|2628|3.5|1188926268
166|3114|4.5|1189038117
166|4993|3.5|1188774575
166|5378|3.0|1188926266
166|5952|4.5|1188774589
166|7153|5.0|1188774339
166|33493|4.0|1188926260
167|1|3.5|1154721923
167|260|4.0|1154721952
167|1196|4.5|1154721847
167|1210|4.0|1154721662
167|3114|3.0|1154722066
167|4993|5.0|1154721752
167|5952|4.5|1154721758
167|7153|4.5|1154718806
167|33493|2.0|1154721732
169|1|4.5|1059427918
169|2628|4.0|1059428780
169|3114|4.5|1059427909
169|4993|4.5|1059494461
169|5378|4.5|1059428777
169|5952|4.5|1059494459
169|7153|5.0|1073179582
171|1|5.0|866904159
171|260|4.0|866904192
171|1196|4.0|866905738
171|1210|5.0|866904240
177|1|5.0|1435533535
177|260|2.5|1435524019
177|1196|3.0|1435523533
177|1210|3.0|1435533540
177|2628|2.0|1435533608
177|3114|3.5|1435533772
177|4993|2.0|1435523692
177|5378|2.5|1435524334
177|5952|2.0|1435523704
177|7153|2.0|1435523564
177|33493|3.0|1435524379
177|72998|2.5|1435524485
177|78499|5.0|1435524741
178|1|4.0|1164354911
178|4993|4.0|1164354874
178|5952|4.0|1164355151
178|7153|4.5|1164355077
182|1|4.0|1063289621
182|260|3.5|1120879576
182|1196|3.0|1054779803
182|1210|2.5|1054779829
182|2628|1.5|1054780075
182|3114|4.0|1054784008
182|4993|3.0|1054780153
182|5378|3.0|1054781747
182|5952|3.0|1054780151
182|7153|1.0|1073397287
182|33493|2.0|1120879669
186|1|4.0|1031080831
186|260|4.0|1031079382
186|1196|5.0|1031079382
186|1210|5.0|1031072228
186|2116|4.0|1031080005
186|2628|4.0|1031079926
186|3114|4.0|1031073489
186|4993|5.0|1031081151
186|5378|4.0|1031079788
187|260|4.0|1161849967
187|1196|4.0|1180734824
187|1210|4.0|1161863821
187|2628|1.5|1180734850
187|4993|4.5|1161849940
187|5378|2.0|1161863799
187|5952|4.5|1161850077
187|7153|4.5|1161849888
187|33493|2.5|1161863983
193|1|2.0|1435856890
193|260|5.0|1435857223
193|1196|4.5|1435857227
193|7153|4.0|1435857256
198|260|5.0|1034137711
198|1196|5.0|1034135531
198|1210|5.0|1034136682
198|2628|2.0|1034138101
198|4993|2.0|1034136388
198|5378|3.0|1034135440
199|260|4.0|1022970258
199|1196|3.5|1119190979
199|1210|2.0|940543906
199|2628|2.0|940371961
199|5378|1.5|1119190937
199|33493|2.5|1119190953
200|1|3.5|1229886312
200|260|5.0|1229886006
200|1196|5.0|1229886264
200|1210|5.0|1229885935
200|2628|3.0|1229885944
200|4993|4.0|1229886061
200|5952|4.5|1229886220
200|7153|4.0|1229886816
201|1|5.0|939801780
201|260|5.0|939226374
201|1196|5.0|939227261
201|1210|5.0|940006866
201|2628|3.0|939226374
202|1|4.0|974923506
202|260|4.0|974912002
202|1196|5.0|974912096
202|1210|3.0|974912027
202|2116|3.0|974923220
202|2628|4.0|974923318
209|2628|2.0|1524607394
209|4993|5.0|1524522273
209|5952|5.0|1524522312
209|7153|5.0|1524522296
209|122886|3.5|1524607732
210|260|5.0|1473705468
210|1196|5.0|1473705473
210|1210|5.0|1473705479
210|2628|5.0|1473705519
210|4993|4.0|1527266259
210|5378|5.0|1473705524
210|5952|4.0|1527266258
210|7153|4.0|1527266255
210|33493|5.0|1473705521
210|72998|5.0|1517173098
210|78499|4.0|1527266238
210|122886|5.0|1473705500
210|166528|4.5|1527266080
210|179819|4.5|1527266081
211|260|4.5|1350913284
211|1196|4.5|1350913287
211|1210|4.0|1350913053
211|7153|4.0|1350912976
211|78499|4.0|1350913084
212|260|2.5|1505400094
212|1196|3.5|1523216797
212|1210|3.5|1523216796
212|4993|3.0|1490121276
212|5952|3.0|1490121325
212|7153|3.5|1523216461
212|72998|3.0|1490114868
212|122886|3.5|1490121260
212|166528|4.0|1523216799
213|1|3.5|1316196157
213|3114|3.5|1316197248
213|4993|4.0|1316196313
213|5952|4.0|1316196318
213|7153|4.5|1316196316
213|78499|4.5|1316196160
215|260|4.5|1260908665
215|1196|4.5|1260908666
215|4993|4.0|1260908683
215|5952|4.0|1260908646
215|7153|4.0|1260908696
217|1|4.0|955942540
217|260|5.0|955941874
217|1196|5.0|955935806
217|1210|5.0|955935905
217|2628|4.0|955940534
217|3114|5.0|955942568
219|1|3.5|1194681084
219|260|5.0|1194685947
219|1196|4.5|1194685932
219|1210|4.0|1194686138
219|2628|1.0|1214043519
219|3114|2.5|1194686222
219|4993|3.5|1194681037
219|5378|2.0|1194681089
219|5952|3.5|1194681162
219|7153|3.5|1194686077
219|33493|3.5|1214043434
220|1|5.0|1230055565
220|260|5.0|1230055647
220|1196|5.0|1230055698
220|1210|4.5|1230055670
220|2628|3.5|1244606058
220|3114|5.0|1230055575
220|5378|4.0|1230060158
220|5952|4.5|1230059774
220|7153|4.5|1230060282
220|33493|4.0|1230060121
223|1|3.5|1226209758
223|260|3.5|1226209871
223|2628|3.0|1226209795
223|7153|3.5|1226209838
226|1|3.5|1095662606
226|260|4.5|1095662595
226|1196|5.0|1095662649
226|1210|5.0|1097545652
226|2116|2.5|1096420073
226|2628|2.5|1095662443
226|4993|4.0|1095662416
226|5378|3.5|1095663389
226|5952|4.0|1096420307
226|7153|4.5|1095663758
226|33493|4.0|1119986629
232|1|3.5|1076955621
232|260|4.5|1218164802
232|1196|4.5|1218164794
232|1210|5.0|1077235144
232|2628|4.0|1218164799
232|3114|3.0|1218166775
232|4993|3.5|1218169632
232|5378|4.0|1218164796
232|5952|4.0|1101397634
232|7153|4.0|1141776617
232|33493|4.0|1182907445
232|72998|4.0|1269485134
232|78499|5.0|1283133814
233|1|3.0|1524781249
233|4993|4.0|1448815893
233|5952|4.0|1529333692
233|7153|4.0|1448815887
233|72998|2.5|1472587444
234|1|5.0|1004409347
234|260|5.0|1004407958
234|1196|5.0|1004407958
234|1210|5.0|1004408002
234|2628|3.0|1004408301
234|3114|5.0|1004409347
239|1|4.0|1221158265
239|260|5.0|1221148002
239|1196|5.0|1221158579
239|1210|5.0|1221158189
239|2628|3.5|1221158698
239|4993|5.0|1221158212
239|5378|3.5|1221158225
239|5952|5.0|1221147996
239|7153|5.0|1221159305
246|260|5.0|1354146995
246|1196|5.0|1354127117
246|1210|5.0|1354126788
246|4993|5.0|1354126775
246|5952|5.0|1354126780
246|7153|5.0|1354126589
246|72998|4.0|1354145696
247|1|5.0|1467644119
247|260|4.0|1467643884
247|1196|4.5|1467643909
247|1210|3.5|1467644197
247|3114|4.5|1467936106
247|4993|4.0|1467644043
247|5378|2.0|1467645443
247|5952|4.0|1467644097
247|7153|4.0|1467644032
247|72998|2.0|1467644134
247|78499|4.0|1467644478
247|122886|3.5|1467644155
248|260|3.5|1534591638
248|1196|3.5|1534591641
248|1210|3.5|1534591644
248|166528|3.0|1534591681
249|1|4.0|1347317775
249|260|5.0|1346757993
249|1196|5.0|1346757817
249|1210|4.5|1346757895
249|2628|3.5|1347318740
249|3114|3.5|1346758271
249|4993|5.0|1346757869
249|5378|3.5|1347318725
249|5952|4.5|1346757871
249|7153|5.0|1346757887
249|33493|4.0|1347318713
249|72998|4.0|1346756246
249|78499|4.0|1346757612
249|122886|4.5|1450633617
249|166528|5.0|1484239767
249|179819|4.5|1514315792
252|1|4.5|1498284904
252|78499|5.0|1498284330
252|122886|4.0|1498284797
252|166528|3.5|1498284126
254|1|4.5|1180446553
254|260|4.0|1180446182
254|1196|4.0|1180446478
254|1210|4.0|1180446169
254|4993|4.5|1180445990
254|5952|4.0|1180445997
254|7153|4.0|1180446407
254|33493|3.5|1180446429
256|260|4.0|1446579713
256|1196|4.0|1446579723
256|1210|4.0|1446579739
256|33493|4.0|1446580264
256|72998|4.5|1446579764
263|1|4.0|940384199
263|1196|4.0|941591604
263|1210|4.0|940384546
263|2628|3.0|940383700
263|4993|4.5|1090948156
263|5952|4.0|1090948148
263|7153|4.5|1090948141
263|33493|3.5|1120071321
264|1|4.0|1136978964
264|1196|3.5|1136979016
264|1210|3.5|1136979013
264|5952|4.5|1136978216
264|33493|4.0|1136978730
266|1|2.0|945669542
266|260|4.0|945670679
266|1196|5.0|945670292
266|1210|3.0|944891365
268|260|4.0|940173779
268|1196|5.0|940185291
268|1210|1.0|940185272
268|2628|2.0|940173115
274|1|4.0|1171410158
274|260|3.0|1171409999
274|1196|4.5|1171409426
274|1210|4.0|1171409967
274|2628|2.5|1171491491
274|3114|4.0|1171934808
274|4993|3.0|1171409651
274|5378|2.5|1171409778
274|5952|3.5|1171409985
274|7153|3.0|1171409647
274|33493|4.0|1172616822
274|72998|3.0|1284686423
274|78499|4.5|1284686435
275|1|5.0|1049076484
275|260|4.0|1049078271
275|1210|4.0|1049076195
275|3114|4.0|1049076470
275|4993|4.0|1049077375
275|5952|4.0|1049077375
276|1|4.0|858350384
276|260|5.0|858350672
276|1196|5.0|858351060
276|1210|5.0|858350816
279|1|3.0|1506394495
279|260|5.0|1506394310
279|1196|5.0|1506394237
279|1210|4.5|1506394308
279|4993|4.0|1506394312
279|5378|1.0|1506395946
279|5952|5.0|1506394321
279|7153|4.0|1506394319
279|33493|3.0|1506395402
279|72998|2.0|1506395406
279|122886|3.5|1506394378
279|166528|3.5|1506395297
282|1|4.5|1378495714
282|260|4.0|1378496939
282|3114|4.5|1378497429
282|72998|4.0|1378498809
288|1|4.5|1054568869
288|260|5.0|976137780
288|1196|4.5|1079984551
288|1210|4.5|1066059692
288|2116|3.0|1068837311
288|2628|4.0|975692084
288|3114|4.0|1198509976
288|4993|5.0|1034954746
288|5378|3.5|1054568537
288|5952|3.5|1054568854
288|7153|4.0|1073671327
288|33493|4.5|1118064198
288|72998|4.0|1262706801
291|1|4.0|1453051567
291|4993|3.0|1464337114
291|7153|3.0|1464337115
291|72998|5.0|1453051713
292|1|4.0|1219625000
292|260|4.0|1039914974
292|1196|4.0|1039914974
292|1210|4.0|1039914974
292|2628|4.0|1039914974
292|3114|4.0|1015374655
292|4993|3.5|1293562353
292|5378|3.0|1039914974
292|5952|3.5|1293562362
292|7153|3.5|1293562364
292|33493|4.0|1219625165
292|72998|4.0|1293562782
292|78499|4.0|1293562161
292|166528|4.0|1483193709
294|260|5.0|966633760
294|1196|4.0|966594589
294|1210|4.0|966633825
294|2628|4.0|966634030
296|2628|1.0|1532994086
296|5378|1.0|1532994084
296|33493|1.0|1532994090
296|166528|2.0|1532994077
298|1|2.0|1447518257
298|260|4.0|1447516841
298|1196|4.0|1447516843
298|1210|4.5|1447585006
298|2628|3.0|1453032817
298|4993|4.0|1447598081
298|5378|3.0|1453032879
298|5952|4.0|1447518010
298|7153|4.0|1447517999
298|33493|3.0|1453032869
298|72998|3.0|1449588973
298|122886|4.0|1452692094
303|260|3.5|1053303081
303|1196|5.0|1053303076
303|1210|5.0|1053303183
303|5378|5.0|1053303310
304|1|5.0|881428344
304|260|5.0|881232527
304|1196|5.0|891173435
304|1210|5.0|881232527
304|2628|5.0|929868483
304|3114|5.0|944976429
305|260|5.0|1460134084
305|1196|5.0|1460134091
305|1210|5.0|1460135354
305|2628|2.0|1511718989
305|4993|5.0|1460135293
305|5378|3.0|1460302558
305|5952|5.0|1460135301
305|7153|5.0|1460135291
305|33493|3.5|1460136024
305|72998|4.5|1460302996
305|122886|3.0|1460134130
305|166528|3.0|1518198335
307|1|4.0|1186160893
307|260|3.5|1186160883
307|1196|3.0|1186411459
307|1210|3.0|1186411468
307|2628|4.0|1227538389
307|3114|3.0|1186161488
307|4993|3.0|1186161407
307|5952|3.0|1186161442
307|7153|3.0|1186174295
308|260|2.5|1421373674
308|1196|2.5|1421373683
308|4993|3.5|1421373882
308|5952|4.0|1421373893
308|7153|3.5|1421373696
308|72998|4.0|1421375111
312|260|5.0|1043175564
312|1196|5.0|1043175598
312|1210|5.0|1043175521
312|2628|3.0|1043176981
312|5378|4.0|1043175716
312|5952|5.0|1043177848
313|260|3.0|1030474666
313|1196|4.0|1030474666
313|1210|3.0|1030474577
313|2116|5.0|1030474930
313|2628|2.0|1030475266
313|3114|3.0|1030476128
313|4993|5.0|1030475342
313|5378|4.0|1030474930
318|260|3.0|1237233430
318|1196|3.0|1254132819
318|1210|4.0|1238514353
318|2628|3.0|1237233292
318|3114|3.0|1256504393
318|4993|4.0|1278433613
318|5378|3.0|1256504248
318|5952|3.5|1278433377
318|7153|3.5|1292695608
318|33493|3.0|1262631794
318|72998|3.5|1315384680
318|122886|3.0|1451394515
318|166528|4.0|1512681910
323|1|3.5|1422640363
323|260|4.5|1422640069
323|1196|4.5|1422640078
323|7153|2.5|1422640081
328|1|5.0|1494210665
328|260|5.0|1494206980
328|1196|5.0|1494206982
328|1210|4.0|1494210594
328|3114|4.5|1494210386
328|5952|4.0|1494212029
328|7153|4.0|1494210936
328|33493|1.5|1494211250
328|72998|3.5|1494207014
328|78499|5.0|1494207189
328|122886|2.5|1494211056
330|1|4.0|1285904910
330|260|4.0|1285904564
330|1196|5.0|1285904568
330|1210|5.0|1285904933
330|2628|3.0|1285905138
330|4993|3.5|1285904328
330|5378|4.0|1285905558
330|5952|4.0|1285904333
330|7153|4.0|1285904330
331|4993|4.5|1537157644
331|5952|4.5|1537157649
331|7153|4.5|1537157647
331|78499|4.0|1537157914
332|1|4.0|1352672340
332|1196|4.5|1352672144
332|1210|3.5|1352672627
332|4993|4.0|1352672138
332|5378|2.0|1352671843
332|5952|4.0|1352672152
332|7153|4.0|1352672169
332|72998|4.0|1352672811
332|78499|4.0|1352673722
334|1|3.5|1225477466
334|260|4.0|1225478632
334|1196|4.0|1225477656
334|1210|3.5|1225480739
334|2628|3.0|1232308387
334|4993|3.5|1225479027
334|5378|3.0|1232308397
334|5952|3.5|1225479031
334|7153|3.5|1225479029
334|33493|3.0|1232308392
334|72998|3.5|1266680651
339|1|4.0|1460183470
339|4993|3.5|1460182388
339|5952|4.0|1460186708
339|7153|4.0|1460186702
339|72998|3.0|1460182400
339|78499|4.0|1460183480
343|260|3.0|1202060817
343|1196|3.0|1202060819
343|4993|5.0|1202060823
343|5952|5.0|1202060837
343|7153|4.5|1202060839
348|260|4.5|1378850273
348|1196|5.0|1378850299
348|4993|5.0|1378850645
348|5952|5.0|1378850762
351|4993|4.0|1328288166
351|5952|4.0|1328288187
351|7153|4.0|1328288160
351|72998|2.5|1328290595
352|260|4.0|1493931941
352|1196|4.0|1493931935
352|2628|3.5|1493673510
352|4993|5.0|1493675357
352|5952|5.0|1493675358
352|7153|5.0|1493675360
352|33493|4.0|1493674114
352|72998|5.0|1493674084
352|166528|4.5|1493675059
354|260|4.0|1200870112
354|1196|4.0|1200870600
354|1210|4.0|1200870086
354|2628|3.5|1200870733
354|5378|3.0|1200870646
354|33493|4.0|1200870775
357|1|5.0|1348610184
357|260|4.0|1348611022
357|1196|4.5|1348611032
357|1210|4.0|1348610216
357|2628|3.0|1348612089
357|3114|5.0|1348610261
357|7153|3.5|1348612121
357|72998|4.0|1348627480
357|78499|4.0|1348610285
362|260|4.5|1530640059
362|1196|4.5|1530640083
362|2628|4.0|1530640182
362|4993|5.0|1530639759
362|5952|5.0|1530639765
362|7153|5.0|1530639761
363|260|2.0|1502584358
363|1196|1.5|1502584356
363|4993|3.0|1502584387
363|7153|3.0|1502584386
365|260|3.0|1488333364
365|1196|4.0|1488332785
365|4993|3.5|1488332396
365|5378|2.5|1488332461
365|5952|3.0|1488332400
365|7153|3.0|1488332402
365|72998|4.0|1488332464
367|1|5.0|997811550
367|260|5.0|997810956
367|1196|4.0|997812715
367|3114|5.0|997811731
370|260|2.0|1159162949
370|1196|2.5|1159162861
370|1210|2.0|1159162853
370|2116|1.5|1159163455
370|2628|1.5|1159162932
370|4993|4.5|1159163419
370|5378|1.0|1159161874
370|5952|4.5|1159163439
370|7153|4.5|1159161761
372|1|3.0|874416443
372|260|4.0|874414749
372|1196|4.0|874414869
372|1210|5.0|874415402
376|260|4.0|1364933330
376|1196|4.0|1364933358
376|1210|4.5|1364933342
376|2628|4.5|1364994169
376|4993|4.5|1364933127
376|5378|4.5|1364994701
376|5952|3.5|1364933227
376|7153|4.0|1364994243
378|1|4.5|1445347576
378|3114|4.5|1445347203
378|4993|4.5|1445345881
378|5952|4.5|1445345919
378|7153|4.5|1445345878
378|78499|4.0|1445346989
380|1|5.0|1493420345
380|260|5.0|1493419753
380|1196|5.0|1493419755
380|1210|5.0|1493419767
380|2628|4.0|1494803425
380|3114|5.0|1493473886
380|4993|5.0|1493423199
380|5378|3.0|1494528183
380|5952|5.0|1493423201
380|7153|5.0|1493419769
380|33493|4.0|1494071244
380|72998|3.0|1493420408
380|78499|5.0|1493423210
380|122886|4.0|1493423194
380|166528|5.0|1493419871
380|179819|1.0|1536872721
381|1|3.5|1164383653
381|260|3.5|1200824545
381|1196|3.5|1200824537
381|1210|3.5|1200824536
381|2628|3.5|1200824541
381|3114|3.5|1164383929
381|4993|4.0|1200824346
381|5378|3.5|1200824539
381|5952|4.0|1200824343
381|7153|4.0|1200824344
381|33493|3.5|1200824543
381|72998|4.5|1262898482
381|78499|4.0|1278632058
382|1|4.5|1515162628
382|260|5.0|1515160692
382|1196|5.0|1515160696
382|1210|4.5|1515161557
382|2628|3.5|1515161544
382|4993|5.0|1515160693
382|5378|4.0|1515161535
382|5952|5.0|1515160698
382|7153|5.0|1515162241
382|33493|4.5|1515161536
382|78499|5.0|1515162656
382|166528|4.5|1515161559
385|1|4.0|834691642
385|260|4.0|865023897
385|1196|5.0|865025491
385|1210|4.0|865025491
387|260|4.5|1118029794
387|1196|4.5|1094876567
387|1210|4.0|1118029797
387|4993|3.0|1117355720
391|1|3.0|1032388077
391|260|5.0|1032387863
391|1196|5.0|1030945391
391|1210|4.0|1032389300
391|2628|1.0|1032647762
391|4993|5.0|1030824777
393|4993|5.0|1430505859
393|5952|5.0|1430505860
393|7153|5.0|1430505826
393|72998|1.0|1430506458
399|1|4.0|1167220428
399|260|5.0|1167220356
399|1196|5.0|1167220406
399|1210|5.0|1167220405
399|3114|4.0|1167222222
399|4993|4.5|1167220302
399|5952|5.0|1167220309
399|7153|4.0|1167220305
400|260|5.0|1498870148
400|1196|5.0|1498870150
400|1210|5.0|1498870163
400|4993|4.0|1498870354
400|7153|4.0|1498870350
400|122886|4.5|1498870389
401|1|3.5|1510450550
401|3114|3.0|1510448991
401|4993|3.0|1510450411
401|5952|3.0|1510450411
401|7153|3.0|1510450401
401|72998|3.0|1514347490
401|78499|3.5|1510449868
407|260|4.0|1424349164
407|1196|4.0|1424349169
407|4993|5.0|1424349189
407|5952|5.0|1424349191
407|7153|5.0|1424349179
408|260|4.0|1472537293
408|1196|4.0|1472537296
408|1210|4.0|1472537300
408|4993|5.0|1467371723
408|5952|5.0|1467371725
408|7153|5.0|1467371716
408|166528|4.0|1485815184
414|1|4.0|961438127
414|260|5.0|961514667
414|1196|5.0|961512311
414|1210|5.0|961436248
414|2116|4.0|961514985
414|2628|4.0|1258247798
414|3114|5.0|991146026
414|4993|5.0|1010588118
414|5378|4.0|1021645042
414|5952|5.0|1040398879
414|7153|4.0|1072123275
414|33493|4.0|1117044302
414|72998|4.0|1261503960
414|78499|5.0|1294085364
414|122886|3.5|1489537024
414|166528|4.0|1485656093
414|179819|4.5|1513958832
420|1|4.0|1218207191
420|4993|4.5|1218041503
420|5952|4.5|1218041507
420|7153|4.5|1218041554
425|260|3.0|1085477202
425|1196|3.0|1085477383
425|1210|3.0|1085477285
425|2628|3.0|1085477571
425|3114|3.0|1085490334
425|4993|4.5|1085490522
425|5952|4.5|1085490982
425|7153|4.0|1085492350
428|260|3.5|1111523276
428|1196|3.5|1111525113
428|1210|3.5|1111623640
428|2628|3.5|1111489698
428|4993|3.5|1111487952
428|5378|3.5|1111623634
428|5952|3.5|1111487925
428|7153|3.5|1111487922
432|1|2.5|1316391457
432|260|3.5|1316391483
432|1196|3.5|1316391496
432|1210|3.5|1316391473
432|2628|4.0|1316391576
432|3114|2.0|1316391727
432|4993|3.5|1316391569
432|5378|4.0|1328232761
432|5952|4.0|1316391585
432|7153|4.0|1316391638
432|33493|4.0|1328232721
432|72998|4.0|1315243163
432|78499|4.0|1328232875
434|1|4.0|1270604402
434|260|5.0|1270604737
434|1196|5.0|1270604157
434|1210|4.5|1270604436
434|2628|1.0|1270604685
434|4993|5.0|1270604133
434|5378|1.0|1270606584
434|5952|5.0|1270604127
434|7153|5.0|1270604125
434|33493|1.0|1270606554
434|72998|5.0|1270604788
438|1|4.5|1105650469
438|260|5.0|1105650450
438|1196|5.0|1105654505
438|1210|5.0|1105654507
438|2628|3.0|1116602072
438|3114|4.5|1105649521
438|4993|3.0|1105649530
438|5378|3.5|1116602075
438|5952|4.0|1105650247
438|7153|4.0|1105664174
438|33493|3.5|1116810694
439|4993|5.0|1436943880
439|5952|4.0|1436944011
439|7153|5.0|1436943762
439|78499|4.0|1436943970
441|260|5.0|1449070465
441|1196|4.0|1449070464
441|2628|4.5|1449070658
441|4993|5.0|1449070471
441|7153|5.0|1449070473
441|122886|4.5|1451166640
443|1|4.0|1501722482
443|260|4.0|1501722465
443|4993|4.5|1420236297
443|5952|5.0|1501722497
443|7153|5.0|1501722498
443|72998|3.0|1420236662
445|260|5.0|1454621690
445|4993|5.0|1454621693
445|5952|4.0|1454621808
445|7153|5.0|1454621688
448|1|5.0|1019126661
448|260|5.0|1019124071
448|1196|5.0|1019124147
448|1210|5.0|1019123866
448|2628|2.0|1119469513
448|3114|5.0|1019126661
448|4993|4.0|1041438979
448|5378|3.0|1119469511
448|5952|4.0|1042547681
448|7153|4.5|1074121330
448|33493|3.5|1119469509
448|72998|3.0|1311011549
448|78499|5.0|1293654824
448|122886|3.5|1450464170
452|260|5.0|1013394673
452|1196|5.0|1013395184
452|1210|4.0|1013394824
452|2628|4.0|1013394544
453|1|5.0|1005966797
453|260|4.0|972621703
453|1196|4.0|972621643
453|1210|3.0|972621007
453|2628|5.0|1005967956
453|3114|5.0|1005966797
453|4993|4.0|1018860207
453|5378|4.0|1034602334
460|1|4.5|1359177505
460|3114|4.0|1359177518
460|4993|5.0|1359177941
460|5952|5.0|1359177948
460|7153|5.0|1359177883
462|1|1.5|1154037653
462|260|4.0|1140399826
462|1196|2.5|1123893572
462|1210|1.0|1154037668
462|2628|1.0|1140399820
462|4993|4.5|1123892035
462|5952|4.0|1121921155
462|7153|4.5|1121922359
464|260|5.0|1275548679
464|1196|5.0|1275549376
464|1210|5.0|1275549267
464|4993|5.0|1275549389
464|5952|5.0|1275549392
464|7153|5.0|1275549379
464|33493|5.0|1275549429
464|72998|5.0|1275548743
466|260|1.5|1439885060
466|1196|2.5|1439885052
466|4993|4.0|1439885080
466|5952|4.0|1439885197
466|7153|4.0|1439885073
466|78499|3.5|1439915533
469|1|4.0|965336888
469|260|4.0|965333666
469|1196|5.0|965333710
469|1210|3.0|965333863
469|2628|3.0|965334591
474|1|4.0|978575760
474|260|4.0|975173633
474|1196|5.0|983034060
474|1210|4.0|1002928633
474|2116|2.0|1014924446
474|2628|4.0|974667509
474|3114|4.0|1002927941
474|4993|5.0|1013367179
474|5378|3.0|1046881084
474|5952|5.0|1046809381
474|7153|5.0|1072654131
474|33493|4.5|1118006457
475|260|5.0|1498029369
475|1196|5.0|1498029371
475|1210|5.0|1498029362
475|4993|5.0|1498029357
475|5378|5.0|1498030169
475|5952|5.0|1498029355
475|7153|5.0|1498029354
475|33493|4.5|1498030177
475|72998|4.5|1498030229
475|122886|4.5|1498029776
475|166528|4.0|1498029848
477|1|4.0|1200939636
477|260|4.5|1200939628
477|1196|5.0|1200939665
477|1210|4.5|1200939648
477|2116|4.0|1200939306
477|2628|4.0|1200939784
477|3114|3.0|1200939982
477|4993|4.5|1200939842
477|5378|4.0|1200940178
477|5952|4.0|1200939884
477|7153|4.0|1200940018
477|33493|4.0|1200940139
477|72998|4.0|1262794395
480|1|3.0|1179178004
480|260|4.5|1179160262
480|1196|5.0|1179160264
480|1210|3.5|1179177713
480|2628|2.0|1179177670
480|3114|3.0|1179177708
480|4993|3.5|1179160162
480|5378|3.0|1179165572
480|5952|4.5|1179160168
480|7153|4.0|1179160166
480|33493|4.0|1179163789
483|1|4.0|1178293130
483|260|4.5|1327276785
483|1196|4.5|1327276799
483|1210|4.5|1327276791
483|2628|3.0|1327276826
483|3114|3.0|1178293259
483|4993|4.5|1178292943
483|5952|4.5|1181494857
483|7153|4.0|1204277340
483|33493|3.0|1327277575
483|72998|4.5|1262525638
483|78499|5.0|1415579261
487|260|4.0|1428574154
487|4993|4.0|1428574196
487|5952|4.0|1428574197
487|7153|4.0|1428574203
488|1|4.5|1112382025
488|3114|4.0|1112382031
488|4993|5.0|1112382145
488|5952|5.0|1112382123
488|7153|5.0|1112382196
489|2628|1.0|1333101402
489|4993|4.0|1332772158
489|5378|1.0|1334169957
489|5952|4.0|1332772103
489|7153|4.0|1332772253
489|72998|1.5|1332772267
490|1|3.5|1328229305
490|4993|3.5|1328145287
490|5952|3.5|1328145283
490|7153|3.5|1328145285
490|72998|3.0|1324378368
490|78499|4.0|1324371584
495|4993|1.0|1458635247
495|5952|1.0|1458635266
495|72998|5.0|1458635171
495|122886|4.5|1458634629
497|260|2.0|1429127353
497|4993|2.0|1429127309
497|5952|2.0|1429127337
497|7153|2.0|1429127312
504|1|4.0|1063644695
504|4993|4.0|1064450665
504|5952|4.0|1064450662
504|7153|4.0|1077909201
509|1|4.0|1435992343
509|260|4.0|1435992290
509|1196|4.0|1435993043
509|3114|3.5|1435992506
509|4993|5.0|1435992277
509|5952|5.0|1435992279
509|7153|5.0|1435992276
509|33493|3.0|1435992693
509|78499|4.0|1435992307
513|260|5.0|1159980693
513|1210|4.0|1159980678
513|5952|3.0|1159980557
513|7153|3.5|1159980540
514|1|4.0|1533872400
514|260|5.0|1533871727
514|1196|5.0|1533871843
514|1210|4.0|1533872364
514|4993|2.0|1533871470
514|5952|2.0|1533871481
514|7153|3.0|1533871477
514|179819|2.0|1533874318
517|1|4.0|1487954343
517|260|3.5|1487957618
517|1210|2.0|1492338986
517|7153|3.0|1487957608
520|2628|1.5|1326609133
520|4993|4.0|1326609118
520|5378|2.0|1326609676
520|5952|3.5|1326609169
520|7153|4.0|1326609245
520|33493|2.0|1326681391
520|72998|4.5|1326682091
522|1|3.0|1253344674
522|260|5.0|1253344662
522|1196|4.5|1253344712
522|1210|4.0|1253344684
522|2628|3.0|1253344785
522|4993|3.5|1301727582
522|5952|2.5|1253345717
522|7153|3.5|1255455532
522|72998|1.0|1388124675
524|1|4.0|851608466
524|260|5.0|851609016
524|1196|5.0|851609335
524|1210|3.0|851609335
525|1|4.0|1476475973
525|260|4.0|1476475805
525|1196|4.5|1476475807
525|1210|4.0|1476475901
525|2628|3.0|1476476276
525|3114|4.0|1476478169
525|5378|2.5|1476476338
525|33493|3.0|1476475848
525|72998|3.0|1476476148
525|78499|3.5|1476476641
525|122886|4.0|1476475870
527|260|5.0|1033173453
527|1196|5.0|1033173260
527|1210|5.0|1033174098
527|3114|4.0|1033173933
534|1|4.0|1459787997
534|260|4.5|1459787998
534|1196|4.5|1459787997
534|1210|4.5|1459787997
534|2628|3.5|1459787995
534|3114|4.5|1459787997
534|4993|4.0|1459787998
534|5378|3.5|1459787997
534|5952|4.0|1459787997
534|7153|4.5|1459787997
534|33493|4.0|1459787997
534|72998|3.0|1459787998
534|122886|3.5|1459787995
537|4993|4.5|1424138037
537|5952|4.5|1424138068
537|7153|4.5|1424138056
537|72998|5.0|1424140083
540|260|5.0|1179108620
540|1196|5.0|1179108924
540|1210|5.0|1179108750
540|2628|4.5|1179108685
540|4993|4.0|1179108930
540|5378|4.0|1179108823
540|33493|5.0|1179108756
549|260|2.0|1464282588
549|1196|2.0|1464282591
549|1210|2.0|1464282608
549|5952|3.5|1464282659
551|260|3.5|1505548034
551|1210|3.5|1505548058
551|4993|2.0|1504320880
551|5952|2.0|1504320891
551|7153|2.0|1504321025
551|72998|3.5|1504925890
551|166528|5.0|1504317370
552|1196|5.0|1111473084
552|2116|1.5|1111473265
552|2628|3.5|1111473043
552|3114|4.5|1111472965
552|5378|4.0|1111473022
552|7153|5.0|1111473095
555|1|4.0|978746159
555|260|5.0|978841221
555|1196|5.0|978744095
555|1210|5.0|978821670
555|2628|5.0|978841879
556|4993|4.5|1534320935
556|5952|4.0|1534320953
556|7153|4.0|1534320952
556|72998|4.0|1534321171
557|260|3.0|1452797284
557|1196|3.0|1452797288
557|1210|3.0|1452797322
557|2628|2.0|1452874621
560|1|3.0|1469653413
560|260|4.0|1469647797
560|1196|4.0|1469647857
560|1210|4.0|1469647971
560|2628|4.0|1469649995
560|4993|4.0|1469647838
560|5378|4.0|1469649205
560|5952|4.0|1469647848
560|7153|4.0|1469647831
560|33493|4.0|1469648832
560|122886|4.0|1469647302
561|1|4.0|1491094681
561|260|4.5|1491090699
561|1196|5.0|1491090693
561|1210|4.5|1491090721
561|2628|2.0|1491091395
561|3114|3.0|1491090961
561|4993|5.0|1491090821
561|5378|2.5|1491091331
561|5952|5.0|1491090823
561|7153|5.0|1491090706
561|33493|3.5|1491091167
561|72998|3.0|1491095290
561|78499|4.5|1491091085
561|122886|4.0|1491090863
561|166528|4.0|1491095045
567|1|3.5|1525286001
567|260|2.0|1525288368
567|1196|2.0|1525288379
567|1210|1.5|1525288690
567|2628|1.0|1525289756
567|3114|3.5|1525286028
567|4993|3.0|1525287066
567|5378|1.0|1525289764
567|5952|3.0|1525287070
567|7153|3.0|1525287071
567|33493|1.5|1525289052
567|72998|1.0|1525289335
567|78499|2.0|1525288289
567|166528|1.0|1525289624
567|179819|2.0|1525285301
570|1|4.0|1181476989
570|260|3.5|1181476632
570|1196|4.0|1181555518
570|1210|4.0|1181478655
570|2628|3.5|1181477428
570|3114|3.5|1181477835
570|4993|4.0|1181554077
570|7153|3.5|1181478106
572|1|4.0|945892484
572|260|5.0|945888912
572|1196|5.0|945888912
572|1210|5.0|945888944
572|3114|4.0|945887660
573|1|5.0|1186722182
573|260|5.0|1186589669
573|1196|5.0|1186589671
573|1210|5.0|1186589710
573|2628|3.5|1248840104
573|3114|5.0|1186722557
573|4993|5.0|1248840083
573|5378|3.0|1248840109
573|5952|4.5|1248840084
573|7153|5.0|1248841816
573|33493|4.5|1186722418
573|72998|5.0|1370377625
573|78499|5.0|1299222433
580|1|3.0|1167792349
580|260|4.0|1167860858
580|1196|4.0|1167673444
580|1210|4.0|1167673442
580|2628|4.0|1167792623
580|3114|3.5|1167792356
580|4993|4.5|1167673962
580|5378|4.0|1167792574
580|5952|4.5|1167673966
580|7153|4.0|1167673964
580|33493|5.0|1167674261
582|260|4.0|1446792609
582|1196|4.0|1446792616
582|4993|3.5|1446792639
582|122886|4.5|1463474276
586|260|4.5|1529899127
586|1196|4.5|1529899129
586|1210|4.5|1529899132
586|3114|4.5|1529899943
586|4993|5.0|1529899282
586|5952|5.0|1529899142
586|7153|5.0|1529899268
586|33493|4.5|1529901381
586|72998|4.0|1529900138
586|78499|4.5|1529903138
586|122886|5.0|1529899311
586|166528|4.5|1529899283
586|179819|5.0|1529899531
590|1|4.0|1258420408
590|260|5.0|1258416665
590|1196|5.0|1258420454
590|1210|4.5|1258420427
590|2628|2.5|1258429919
590|4993|4.5|1258420625
590|5378|3.0|1258417905
590|5952|5.0|1258416542
590|7153|4.5|1258420756
590|33493|3.5|1258429912
590|72998|3.5|1264793973
591|260|5.0|970524685
591|1210|5.0|970524400
591|2628|5.0|970524685
591|3114|5.0|970525244
593|260|5.0|1181007473
593|1196|5.0|1181007435
593|1210|4.5|1181007601
593|2628|2.5|1181008458
593|4993|4.5|1181007493
593|5378|1.5|1181007753
593|5952|4.0|1181007502
593|7153|4.5|1181007545
593|33493|3.0|1181007556
596|1|4.0|1535709666
596|260|4.0|1535627138
596|1196|3.5|1535627133
596|1210|4.0|1535627154
596|3114|3.5|1535709752
596|4993|4.0|1535627335
596|5952|3.5|1535708244
596|7153|3.5|1535627339
596|33493|3.0|1535708392
596|72998|3.0|1535708708
596|78499|3.5|1535708446
596|122886|4.5|1535708493
596|166528|5.0|1535627386
596|179819|3.5|1535708663
597|1|4.0|941557863
597|260|5.0|940420585
597|1196|5.0|940420585
597|1210|5.0|940420695
597|2116|4.0|941640505
597|2628|3.0|940420799
599|1|3.0|1498524204
599|260|5.0|1498533468
599|1196|5.0|1519029372
599|1210|5.0|1498533608
599|2116|2.0|1519177403
599|2628|3.0|1498524385
599|4993|4.0|1498499417
599|5378|3.0|1498524440
599|5952|3.0|1498523254
599|7153|3.0|1498526223
599|33493|3.0|1498524911
599|72998|2.5|1498518529
599|78499|2.5|1498516552
599|122886|3.5|1498528930
599|166528|3.0|1517370757
600|1|2.5|1237764347
600|260|4.0|1237714798
600|1196|4.0|1237760638
600|1210|4.5|1237743471
600|2628|1.0|1237712907
600|3114|2.0|1237759102
600|4993|5.0|1237714397
600|5378|1.0|1237713090
600|5952|5.0|1237764306
600|7153|5.0|1237759080
600|33493|1.0|1237714898
601|1|4.0|1521467801
601|3114|3.5|1521467831
601|4993|5.0|1441639520
601|5952|5.0|1441639519
601|7153|5.0|1441639521
601|72998|4.0|1513712155
601|78499|4.0|1521397837
603|1|4.0|963178147
603|260|4.0|953926816
603|1196|3.0|953927628
603|1210|3.0|953927884
603|2628|1.0|963177792
605|1|4.0|1277097561
605|260|5.0|1277097531
605|1210|5.0|1277097594
605|3114|3.5|1277175677
605|4993|5.0|1277175627
605|5952|5.0|1277175638
605|7153|5.0|1277175635
605|33493|2.0|1277175872
605|72998|3.5|1277097079
606|1|2.5|1349082950
606|260|4.5|1171324078
606|1196|4.5|1171324086
606|1210|4.5|1171324088
606|2628|3.5|1197932958
606|4993|4.5|1171376047
606|5378|3.5|1197932961
606|5952|4.5|1171310163
606|7153|4.5|1171310090
606|33493|4.0|1171310221
606|72998|3.0|1368460014
607|1|4.0|964744033
607|260|3.0|963078880
607|1196|3.0|963078880
607|1210|3.0|963078417
607|2628|3.0|963171321
607|3114|3.0|963079100
608|1|2.5|1117408267
608|260|3.5|1117162625
608|1196|4.0|1117491243
608|1210|4.0|1117408257
608|2628|4.0|1117408301
608|3114|2.5|1117504405
608|4993|4.5|1117407739
608|5378|4.5|1117504636
608|5952|4.5|1117407736
608|7153|4.0|1117162552
610|1|5.0|1479542900
610|260|5.0|1479543007
610|1196|5.0|1479544565
610|1210|5.0|1479544574
610|2628|3.0|1493879393
610|3114|5.0|1479542923
610|4993|5.0|1479545850
610|5378|3.5|1479544549
610|5952|5.0|1479545858
610|7153|5.0|1479545863
610|33493|4.0|1479544547
610|72998|4.5|1479544106
610|78499|5.0|1493846463
610|122886|4.5|1479544589
610|166528|4.0|1493879365
